{"fpr": [0.0, 0.0, 0.0, 0.0, 0.0, 0.00057, 0.00057, 0.00113, 0.00113, 0.00226, 0.00226, 0.00283, 0.00283, 0.0034, 0.0034, 0.00396, 0.00396, 0.00453, 0.00453, 0.00509, 0.00509, 0.00566, 0.00566, 0.00623, 0.00623, 0.00679, 0.00679, 0.00736, 0.00736, 0.00792, 0.00792, 0.00905, 0.00905, 0.00962, 0.00962, 0.01075, 0.01075, 0.01132, 0.01132, 0.01188, 0.01188, 0.01245, 0.01245, 0.01302, 0.01302, 0.01358, 0.01358, 0.01415, 0.01415, 0.01471, 0.01471, 0.01528, 0.01528, 0.01585, 0.01585, 0.01698, 0.01698, 0.01811, 0.01811, 0.01868, 0.01868, 0.01924, 0.01924, 0.02037, 0.02037, 0.02094, 0.02094, 0.02207, 0.02207, 0.02377, 0.02377, 0.02434, 0.02434, 0.02716, 0.02716, 0.02943, 0.02943, 0.03056, 0.03056, 0.03113, 0.03113, 0.03226, 0.03226, 0.03452, 0.03452, 0.03735, 0.03735, 0.03905, 0.03905, 0.04075, 0.04075, 0.04188, 0.04188, 0.04414, 0.04414, 0.04584, 0.04584, 0.04754, 0.04754, 0.0481, 0.0481, 0.0549, 0.0549, 0.06225, 0.06225, 0.07074, 0.07074, 0.07244, 0.07244, 0.07527, 0.07527, 0.08489, 0.08489, 0.09734, 0.09734, 0.10187, 0.10187, 0.10979, 0.10979, 0.12111, 0.12111, 0.20034, 0.20034, 0.27278, 0.27278, 1.0], "tpr": [0.0, 0.00088, 0.11961, 0.12137, 0.82938, 0.82938, 0.84081, 0.84081, 0.85048, 0.85048, 0.85752, 0.85752, 0.86192, 0.86192, 0.87071, 0.87071, 0.8883, 0.8883, 0.91205, 0.91205, 0.91733, 0.91733, 0.91909, 0.91909, 0.91996, 0.91996, 0.92964, 0.92964, 0.93316, 0.93316, 0.93668, 0.93668, 0.93843, 0.93843, 0.93931, 0.93931, 0.94107, 0.94107, 0.94547, 0.94547, 0.94635, 0.94635, 0.94811, 0.94811, 0.94899, 0.94899, 0.94987, 0.94987, 0.95075, 0.95075, 0.95163, 0.95163, 0.95339, 0.95339, 0.95602, 0.95602, 0.9569, 0.9569, 0.96042, 0.96042, 0.9613, 0.9613, 0.96394, 0.96394, 0.9657, 0.9657, 0.96746, 0.96746, 0.96834, 0.96834, 0.96922, 0.96922, 0.97098, 0.97098, 0.97186, 0.97186, 0.97449, 0.97449, 0.97625, 0.97625, 0.97713, 0.97713, 0.97801, 0.97801, 0.97889, 0.97889, 0.98153, 0.98153, 0.98417, 0.98417, 0.98505, 0.98505, 0.98593, 0.98593, 0.98681, 0.98681, 0.98769, 0.98769, 0.98857, 0.98857, 0.98945, 0.98945, 0.99033, 0.99033, 0.9912, 0.9912, 0.99208, 0.99208, 0.99296, 0.99296, 0.99384, 0.99384, 0.99472, 0.99472, 0.9956, 0.9956, 0.99648, 0.99648, 0.99736, 0.99736, 0.99824, 0.99824, 0.99912, 0.99912, 1.0, 1.0]}