{"fpr": [0.0, 0.0, 0.0, 0.0, 0.0, 0.0, 0.0, 0.0, 0.0, 0.00057, 0.00057, 0.00113, 0.00113, 0.0017, 0.0017, 0.00226, 0.00226, 0.00283, 0.00283, 0.0034, 0.0034, 0.00396, 0.00396, 0.00453, 0.00453, 0.00509, 0.00509, 0.00566, 0.00566, 0.00623, 0.00623, 0.00679, 0.00679, 0.00736, 0.00736, 0.00792, 0.00792, 0.00849, 0.00849, 0.00905, 0.00905, 0.00962, 0.00962, 0.01019, 0.01019, 0.01075, 0.01075, 0.01132, 0.01132, 0.01188, 0.01188, 0.01245, 0.01245, 0.01415, 0.01415, 0.01585, 0.01585, 0.01641, 0.01641, 0.01868, 0.01868, 0.02037, 0.02037, 0.02151, 0.02151, 0.02207, 0.02207, 0.02264, 0.02264, 0.02434, 0.02434, 0.0249, 0.0249, 0.02886, 0.02886, 0.03169, 0.03169, 0.03282, 0.03282, 0.03509, 0.03509, 0.03565, 0.03565, 0.03622, 0.03622, 0.03679, 0.03679, 0.03962, 0.03962, 0.04131, 0.04131, 0.04301, 0.04301, 0.04584, 0.04584, 0.04641, 0.04641, 0.04924, 0.04924, 0.05093, 0.05093, 0.05207, 0.05207, 0.0532, 0.0532, 0.05772, 0.05772, 0.06169, 0.06169, 0.06565, 0.06565, 0.07301, 0.07301, 0.08772, 0.08772, 0.08885, 0.08885, 0.08942, 0.08942, 0.09055, 0.09055, 0.09111, 0.09111, 0.10526, 0.10526, 0.10583, 0.10583, 0.1064, 0.1064, 0.11545, 0.11545, 0.13696, 0.13696, 0.14092, 0.14092, 0.14431, 0.14431, 0.14488, 0.14488, 0.15393, 0.15393, 0.19185, 0.19185, 0.2077, 0.2077, 0.20826, 0.20826, 0.21845, 0.21845, 0.22071, 0.22071, 0.22524, 0.22524, 0.2592, 0.2592, 1.0], "tpr": [0.0, 0.00088, 0.10378, 0.10554, 0.26297, 0.26473, 0.38259, 0.38434, 0.73967, 0.73967, 0.79947, 0.79947, 0.82234, 0.82234, 0.8285, 0.8285, 0.83993, 0.83993, 0.85664, 0.85664, 0.86192, 0.86192, 0.86544, 0.86544, 0.86807, 0.86807, 0.86895, 0.86895, 0.87687, 0.87687, 0.87775, 0.87775, 0.88039, 0.88039, 0.88478, 0.88478, 0.88654, 0.88654, 0.8883, 0.8883, 0.89974, 0.89974, 0.90062, 0.90062, 0.90413, 0.90413, 0.90501, 0.90501, 0.91029, 0.91029, 0.91821, 0.91821, 0.91909, 0.91909, 0.92788, 0.92788, 0.92876, 0.92876, 0.93228, 0.93228, 0.94019, 0.94019, 0.94283, 0.94283, 0.94899, 0.94899, 0.95075, 0.95075, 0.95339, 0.95339, 0.95515, 0.95515, 0.9569, 0.9569, 0.95866, 0.95866, 0.95954, 0.95954, 0.9613, 0.9613, 0.96306, 0.96306, 0.96394, 0.96394, 0.9657, 0.9657, 0.96658, 0.96658, 0.96746, 0.96746, 0.96922, 0.96922, 0.9701, 0.9701, 0.97098, 0.97098, 0.97186, 0.97186, 0.97274, 0.97274, 0.97449, 0.97449, 0.97537, 0.97537, 0.97713, 0.97713, 0.97801, 0.97801, 0.97977, 0.97977, 0.98065, 0.98065, 0.98153, 0.98153, 0.98241, 0.98241, 0.98329, 0.98329, 0.98417, 0.98417, 0.98505, 0.98505, 0.98593, 0.98593, 0.98681, 0.98681, 0.98769, 0.98769, 0.98857, 0.98857, 0.98945, 0.98945, 0.99033, 0.99033, 0.9912, 0.9912, 0.99208, 0.99208, 0.99296, 0.99296, 0.99384, 0.99384, 0.99472, 0.99472, 0.9956, 0.9956, 0.99648, 0.99648, 0.99736, 0.99736, 0.99824, 0.99824, 0.99912, 0.99912, 1.0, 1.0]}